,股票名稱,進場日期,進場價格,出場日期,出場價格,120天最高價,120天最低價,進場當天成交金額(千),Ma2prev1,Ma2prev2,Ma2prev2-Ma2prev1,oneMonthVolatility,twoMonthVolatility,threeMonthVolatility,twelveMonthVolatility,twelveMonthFluctuation,bias60,bias250,alpha250,Beta21,Beta65,Beta250,dayKValue,dayDValue,weekKValue,weekDValue,weekRoiCompareCurrent,monthRoiCompareCurrent,quoterRoiCompareCurrent,halfYearRoiCompareCurrent,yearRoiCompareCurrent,weekKValue-weekDValue,dayKValue-dayDValue,stock_rate_of_return_month,stock_rate_of_return_month-capitalization_weighted_Index_rate_of_return_month,PrevYearHighest,weekRoiCompareCurrent-prevWeekRoiCompareCurrent,monthRoiCompareCurrent-prevMonthRoiCompareCurrent,halfYearRoiCompareCurrent-prevHalfYearRoiCompareCurrent,quoterRoiCompareCurrent-prevQuoterYearRoiCompareCurrent,yearRoiCompareCurrent-prevYyearRoiCompareCurrent,twelveMonthFluctuation-prevTwelveMonthFluctuation,weekKValue-prevWeekKValue,weekDValue-prevWeekDValue,oneMonthVolatility-prevOneMonthVolatility,twoMonthVolatility-prevTwoMonthVolatility,entrancePrice-PrevYearHighest
1201,味全,20130912,59.6,,,0.008389261744966443,-0.22986577181208057,286774.0,13.015,11.725,1.290000000000001,25.71,30.15,30.43,26.54,0.264,5.51,32.98,0.1792,1.6669,1.1198,0.9534,59.31,65.42,70.88,70.21,-0.343,-0.503,13.538,26.028,60.199,0.6700000000000017,-6.109999999999999,3.571,-0.9899999999999998,40.9,-2.642,-2.403,-1.902000000000001,4.148,60.629,-0.04799999999999999,-0.6099999999999994,-0.1700000000000017,-8.240000000000002,1.509999999999998,0.4572127139364304
1216,統一,20130912,58.3,,,0.0,-0.17152658662092626,789429.0,5.05,6.995,-1.9450000000000003,23.1,26.33,23.88,21.61,0.216,4.82,12.71,0.0877,1.2749,0.6331,0.7464,94.68,90.33,37.12,35.49,4.176,1.552,8.827,4.295,20.184,1.6299999999999955,4.3500000000000085,5.626,1.0650000000000004,55.0,4.574,-1.4209999999999998,-8.702,10.667,-7.504999999999999,-0.05500000000000002,7.9999999999999964,0.12000000000000455,-8.729999999999997,9.689999999999998,0.05999999999999995
1305,華夏,20130912,17.0,,,0.18823529411764703,-0.15000000000000005,43874.0,5.99,14.385000000000002,-8.395000000000001,29.09,31.1,32.24,32.77,0.326,-4.8,15.34,0.1513,1.8221,0.6945,0.8575,27.4,34.3,33.24,50.1,-5.745,-15.36,0.197,20.614,34.143,-16.86,-6.899999999999999,-11.286,-15.847,16.35,-6.36,-26.525,16.178,-16.814,20.84,-0.125,-13.049999999999997,-9.5,-3.099999999999998,-1.3599999999999994,0.039755351681957096
1310,台苯,20130912,18.8,,,0.3351063829787234,-0.09042553191489358,95694.0,10.235,36.269999999999996,-26.034999999999997,41.81,45.46,43.72,44.64,0.445,6.5,60.29,0.2781,1.901,0.8355,1.1075,28.43,41.23,67.31,76.74,-6.586,-10.927,39.808,103.295,75.758,-9.429999999999993,-12.799999999999997,-6.853,-11.414,16.25,-10.26,-33.459,122.524,-6.131,68.41499999999999,0.08400000000000002,-12.39,-5.140000000000001,-3.6499999999999986,-4.119999999999997,0.15692307692307697
1312,國喬,20131008,24.55,,,0.04684317718940931,-0.27494908350305497,705257.0,4.625,29.255,-24.63,38.02,34.84,37.93,27.32,0.271,23.2,51.99,0.18,0.8943,1.0166,0.7947,88.67,80.97,90.88,85.03,12.954,18.944,33.776,66.585,60.596,5.849999999999994,7.700000000000003,21.534,18.831,24.0,5.104000000000001,11.607,69.03899999999999,9.170000000000002,39.48,-0.062,7.789999999999992,4.010000000000005,6.440000000000005,-1.5499999999999972,0.022916666666666696
1319,東陽,20130912,45.45,,,0.11111111111111104,-0.09130913091309142,211264.0,10.485,16.145,-5.66,31.23,33.73,32.55,27.54,0.274,15.5,51.11,0.1703,0.9759,0.9118,0.9408,88.79,79.95,83.36,78.81,7.725,7.604,34.589,59.857,53.808,4.549999999999997,8.840000000000003,11.678,7.117000000000001,44.3,5.983,-0.23899999999999988,66.623,16.921,49.338,-0.05099999999999999,11.450000000000003,4.079999999999998,-4.449999999999999,5.089999999999996,0.02595936794582406
1321,大洋,20130912,34.0,,,0.30588235294117644,-0.014705882352941176,13467.0,13.725,21.69,-7.965000000000002,31.92,30.43,33.67,37.53,0.372,-5.95,12.46,0.0436,1.2855,1.2162,0.9569,66.82,63.42,22.29,24.48,-0.244,-4.951,-13.408,23.608,9.674,-2.1900000000000013,3.3999999999999915,-0.877,-5.438,32.25,-1.882,-0.2519999999999998,29.916,-48.783,-31.639000000000003,0.135,3.599999999999998,-0.5799999999999983,3.200000000000003,-18.54,0.05426356589147287
1323,永裕,20130912,44.25,,,0.10734463276836158,-0.1322033898305085,71541.0,13.149999999999999,6.215,6.934999999999999,61.59,59.38,53.04,34.94,0.346,25.89,79.26,0.2954,1.4881,0.4484,0.7969,61.47,66.22,79.55,78.46,-1.259,-2.114,83.464,99.965,102.441,1.0900000000000034,-4.75,1.96,-2.601,27.6,-5.427,-51.092999999999996,100.623,74.037,82.123,0.03899999999999998,1.7399999999999949,1.0699999999999932,10.690000000000005,26.75,0.6032608695652173
1434,福懋,20131021,35.6,,,0.09269662921348307,-0.12640449438202248,252545.0,-4.705,-8.445,3.74,35.8,27.08,24.19,20.15,0.2,18.22,25.87,0.0752,1.7357,0.9624,0.6836,67.31,70.21,87.16,82.05,2.322,18.106,20.694,23.046,13.72,5.109999999999999,-2.8999999999999915,20.666,18.086,35.15,3.0940000000000003,14.763000000000002,32.745,17.131,5.57,0.014000000000000012,6.170000000000002,4.609999999999999,22.809999999999995,8.0,0.012802275960170778
1440,南紡,20131008,23.8,,,0.0,-0.14285714285714293,1383921.0,5.84,0.82,5.02,48.45,36.76,31.46,25.01,0.248,40.25,55.15,0.1636,0.7757,0.5744,0.7671,89.28,92.77,87.92,85.76,19.184,35.222,54.172,47.382,48.157,2.1599999999999966,-3.489999999999995,37.812,35.108999999999995,23.7,12.310000000000002,26.054000000000002,49.851,53.989999999999995,44.468999999999994,-0.129,-2.6599999999999966,1.2199999999999989,31.840000000000003,17.499999999999996,0.004219409282700482
1463,強盛,20131126,21.25,,,0.021176470588235262,-0.3505882352941176,191763.0,30.695,48.965,-18.270000000000003,49.54,40.85,35.17,31.89,0.314,33.3,55.71,0.2704,0.0467,0.1352,0.8007,86.07,73.82,84.66,74.38,15.448,43.268,43.598,53.549,89.604,10.280000000000001,12.25,42.087,43.265,14.2,16.241,45.354,29.291,39.685,71.358,-0.046999999999999986,9.759999999999991,6.189999999999998,24.849999999999998,21.580000000000002,0.4964788732394367
1476,儒鴻,20130912,262.0,,,0.5534351145038168,-0.02862595419847328,227584.0,25.174999999999997,77.53999999999999,-52.364999999999995,39.51,45.24,52.44,40.85,0.407,7.88,73.31,0.4893,0.3978,0.449,0.6717,60.89,58.92,88.08,82.93,-1.069,4.197,20.763,123.091,233.436,5.1499999999999915,1.9699999999999989,8.271,3.710000000000001,107.5,2.486,6.496,63.56699999999999,-58.10199999999999,137.207,0.07699999999999996,1.289999999999992,2.680000000000007,-10.450000000000003,-10.61,1.4372093023255814
1477,聚陽,20130912,155.0,,,0.2,-0.06129032258064516,157278.0,22.015,36.235,-14.219999999999999,44.56,44.57,45.05,33.19,0.329,-4.04,34.55,0.2437,1.7173,0.6206,0.6156,25.11,38.86,38.55,51.58,-8.52,-7.239,10.669,55.615,80.04,-13.030000000000001,-13.75,-3.165,-7.726,91.8,-11.415,0.42799999999999994,31.004,-30.101000000000003,45.025000000000006,0.162,-13.800000000000004,-6.68,-1.519999999999996,1.1000000000000014,0.6884531590413944
1504,東元,20130912,31.95,,,0.10485133020344281,-0.02973395931142408,235584.0,22.67,23.02,-0.34999999999999787,30.14,37.03,37.11,28.22,0.281,4.01,29.01,0.1649,2.3049,1.605,1.1538,78.35,72.32,52.97,58.14,-0.375,-1.175,10.093,33.419,55.867,-5.170000000000002,6.030000000000001,2.899,-1.662,22.8,-1.969,-7.286,17.641,-11.058,40.546,-0.007999999999999952,-4.829999999999998,-4.019999999999996,-13.089999999999996,-2.1299999999999955,0.4013157894736841
1507,永大,20130912,79.5,,,0.1949685534591195,-0.04276729559748435,103208.0,4.94,53.885,-48.945,33.42,30.78,36.91,30.18,0.3,15.18,31.56,0.1418,1.287,1.0922,0.7294,87.9,85.18,82.86,78.61,8.989,9.259,28.494,38.718,41.036,4.25,2.719999999999999,13.333,8.772,62.7,10.453000000000001,5.8340000000000005,38.439,20.936,33.098,0.034999999999999976,8.219999999999999,3.6500000000000057,5.41,-7.729999999999997,0.26794258373205737
1513,中興電,20131016,21.6,,,0.12037037037037027,-0.10648148148148151,713113.0,26.675000000000004,18.485,8.190000000000005,42.13,31.06,25.78,16.72,0.165,20.46,30.56,0.0977,1.9244,0.9656,0.5324,80.36,81.65,81.52,78.94,1.639,20.795,26.894,22.479,24.225,2.5799999999999983,-1.2900000000000063,21.726,20.775,18.9,-12.273000000000001,19.758000000000003,19.613,32.659,11.687000000000001,-0.023999999999999994,-2.210000000000008,0.9299999999999926,29.39,22.619999999999997,0.14285714285714302
1527,鑽全,20130912,34.4,,,0.04505813953488385,-0.1584302325581395,65249.0,41.8,6.609999999999999,35.19,56.82,50.25,49.0,34.31,0.34,14.9,56.99,0.214,0.2455,0.6394,0.5752,29.16,32.45,76.78,80.94,-6.522,13.43,52.677,75.877,68.278,-4.159999999999997,-3.2900000000000027,17.504,12.943000000000001,29.3,-6.795,-2.9239999999999995,79.356,31.448,23.145000000000003,0.07,-6.480000000000004,-2.280000000000001,18.660000000000004,10.54,0.1740614334470989
1532,勤美,20130912,42.45,,,0.0954063604240282,-0.1319199057714959,37835.0,23.665,25.695,-2.030000000000001,34.42,33.2,40.84,36.49,0.365,1.73,25.17,0.2228,0.1965,0.7334,1.0664,28.78,38.79,66.29,72.26,-7.008,-5.818,2.3,12.73,64.432,-5.969999999999999,-10.009999999999998,-1.744,-6.305,35.5,-8.716,-17.964,-32.991,-5.158,52.877,0.066,-15.399999999999991,-2.6099999999999994,2.25,-14.529999999999994,0.19577464788732402
1533,車王電,20131003,42.45,,,0.17314487632508818,-0.18727915194346295,594739.0,12.39,14.259999999999998,-1.8699999999999974,63.8,61.26,58.56,36.34,0.358,66.03,118.4,0.319,0.15,0.8721,0.8672,92.16,93.77,91.32,85.65,15.508,76.788,146.091,132.598,121.051,5.6699999999999875,-1.6099999999999994,80.134,76.672,33.15,-1.0620000000000012,79.804,139.323,150.038,116.775,0.02699999999999997,-0.020000000000010232,2.960000000000008,14.269999999999996,17.15,0.2805429864253395
1536,和大,20130912,45.2,,,0.2986725663716814,-0.05088495575221248,458801.0,7.6,-13.005,20.605,47.63,57.48,50.9,37.68,0.373,24.12,89.02,0.344,0.4726,0.7899,0.8663,57.55,46.44,86.38,86.45,4.736,3.12,81.104,103.106,128.484,-0.07000000000000739,11.11,7.194,2.633,19.75,13.48,-43.059000000000005,95.35,69.029,79.531,0.03799999999999998,0.5,-0.5,-17.270000000000003,15.519999999999996,1.288607594936709
1537,廣隆,20130912,82.5,,,0.17575757575757575,-0.10303030303030303,137927.0,-3.8850000000000002,-14.985,11.1,28.7,31.47,32.83,25.23,0.252,7.57,29.53,0.1764,0.7217,0.2164,0.5662,63.44,55.41,75.0,70.72,0.424,1.892,16.603,27.302,48.471,4.280000000000001,8.030000000000001,5.966,1.4050000000000002,67.1,2.727,-11.044,10.483999999999998,7.153000000000002,25.313999999999997,-0.059,2.5799999999999983,1.3799999999999955,-3.419999999999998,-1.3299999999999983,0.2295081967213116
1558,伸興,20130912,143.5,,,0.2857142857142857,-0.027874564459930314,45949.0,15.81,6.32,9.49,26.74,30.61,32.36,23.31,0.232,1.89,27.92,0.1511,0.9871,1.0521,0.6734,27.91,26.12,59.83,71.22,-3.447,-11.005,15.688,30.154,47.16,-11.39,1.7899999999999991,-6.931,-11.492,127.5,1.7560000000000002,-26.36,16.102,3.0650000000000013,30.022999999999996,-0.028999999999999998,-13.25,-5.689999999999998,-3.3800000000000026,-1.2699999999999996,0.12549019607843137
1560,中砂,20131121,79.8,,,0.29072681704260656,-0.08897243107769416,316377.0,3.835,9.13,-5.295000000000001,50.54,45.41,43.99,31.5,0.311,18.73,50.21,0.2453,3.5206,1.6884,1.1373,75.12,66.44,77.55,77.03,10.865,23.644,49.059,57.269,92.479,0.519999999999996,8.680000000000007,19.845,23.641,78.9,10.892,27.125999999999998,38.736,44.138999999999996,84.824,-0.03699999999999998,5.989999999999995,0.6899999999999977,10.89,11.239999999999995,0.01140684410646377
1565,精華,20130912,834.0,,,0.09472422062350119,-0.06594724220623502,138449.0,27.67,38.395,-10.725000000000001,34.61,35.82,39.79,32.02,0.317,2.67,45.31,0.2941,1.6201,1.4213,1.1953,56.78,67.48,70.59,72.26,-3.042,-2.855,16.893,43.282,129.821,-1.6700000000000017,-10.700000000000003,1.22,-3.341,460.0,-6.516,-2.652,-14.984000000000002,-4.344999999999999,131.274,-0.026000000000000023,-2.950000000000003,-1.509999999999991,-3.0900000000000034,-4.030000000000001,0.8130434782608695
1702,南僑,20131002,46.45,,,0.4230355220667382,-0.0968783638320775,193156.0,12.76,18.23,-5.470000000000001,37.91,35.26,37.28,26.67,0.265,14.04,44.22,0.1428,1.295,0.5161,0.8234,79.02,75.03,80.31,75.18,4.804,14.713,29.7,62.419,45.252,5.1299999999999955,3.989999999999995,16.923,14.594999999999999,46.1,-0.5889999999999995,14.168,72.822,-9.537000000000003,2.3090000000000046,-0.16999999999999998,2.430000000000007,1.490000000000009,5.739999999999995,-4.550000000000004,0.0075921908893709636
1707,葡萄王,20130912,137.5,,,0.14909090909090908,-0.08363636363636363,149645.0,21.595,27.49,-5.895,43.58,47.71,47.97,37.44,0.371,6.85,47.34,0.3198,1.247,0.9188,0.791,42.28,48.19,58.6,65.07,-3.198,-6.583,29.872,66.683,113.154,-6.469999999999992,-5.909999999999997,-2.509,-7.07,83.3,-5.305,-32.809,25.793000000000006,-5.536000000000001,77.525,0.08400000000000002,-3.549999999999997,-2.8900000000000006,-8.29,5.600000000000001,0.6506602641056423
1720,生達,20130912,47.8,,,0.12552301255230125,-0.12133891213389116,509458.0,9.635,6.695,2.9399999999999995,54.66,44.7,41.23,30.84,0.307,26.6,62.05,0.261,1.7783,0.901,0.6635,75.11,74.32,91.58,87.54,3.857,23.877,49.283,74.681,87.531,4.039999999999992,0.7900000000000063,27.951,23.39,33.8,-8.46,17.25,68.16499999999999,33.47,84.685,0.07699999999999999,2.219999999999999,2.3200000000000074,23.679999999999996,10.730000000000004,0.4142011834319527
1734,杏輝,20130912,55.7,,,0.026929982046678635,-0.1490125673249552,623581.0,50.08,8.524999999999999,41.555,40.18,39.51,38.7,37.14,0.369,27.86,53.83,0.2878,0.4403,0.7634,0.8837,85.65,80.91,89.97,83.99,12.228,13.242,43.601,54.693,103.066,5.980000000000004,4.740000000000009,17.316,12.754999999999999,35.9,13.815999999999999,-12.195,21.482,36.652,107.503,0.07700000000000001,2.450000000000003,3.589999999999989,-1.0799999999999983,6.259999999999998,0.551532033426184
1781,合世,20131004,53.0,,,0.013207547169811375,-0.38773584905660374,291226.0,8.24,2.9499999999999993,5.290000000000001,48.7,43.84,43.0,47.38,0.471,14.15,15.35,0.2138,2.8368,1.8708,1.1427,78.57,69.73,62.49,45.5,10.553,11.907,3.673,-16.27,77.736,16.990000000000002,8.83999999999999,15.385,11.793,51.8,6.234000000000001,16.955,-121.015,24.896,-36.187,0.057999999999999996,16.590000000000003,8.490000000000002,10.300000000000004,-0.5499999999999972,0.023166023166023224
1789,神隆,20130912,88.9,,,0.14173228346456684,-0.06299212598425206,230121.0,0.6949999999999998,45.095,-44.4,31.82,38.7,35.2,28.75,0.286,14.46,32.22,0.1587,0.1987,1.067,0.8245,57.7,60.68,84.6,83.58,-1.03,2.877,27.882,23.864,45.048,1.019999999999996,-2.979999999999997,6.951,2.3899999999999997,72.0,-4.521,-21.137,9.399000000000001,30.766000000000002,45.048,,-0.37000000000000455,0.8400000000000034,-13.170000000000002,15.350000000000001,0.2347222222222223
1795,美時,20130924,61.8,,,1.4110032362459548,-0.04692556634304205,486125.0,-7.41,16.04,-23.45,44.69,41.34,43.8,52.06,0.516,14.21,49.43,0.3464,0.5552,1.4997,1.5678,85.91,75.38,66.62,51.81,11.902,17.653,10.569,25.931,151.411,14.810000000000002,10.530000000000001,23.061,17.398,60.4,5.201999999999999,25.368,-35.236000000000004,4.809000000000001,176.383,0.056999999999999995,19.570000000000007,10.130000000000003,10.589999999999996,-7.859999999999999,0.023178807947019844
1907,永豐餘,20131008,16.55,,,0.0,-0.1661631419939577,455002.0,8.825,2.7249999999999996,6.1,30.5,25.26,25.16,23.0,0.227,7.79,15.68,0.0971,0.1574,0.1138,0.5238,67.68,63.01,72.03,69.21,4.094,4.893,14.327,5.357,22.314,2.8200000000000074,4.670000000000009,7.483,4.779999999999999,15.4,3.744,5.072,-8.850999999999999,22.579,14.077,0.017000000000000015,3.6899999999999977,2.9799999999999898,11.18,2.34,0.0746753246753247
1909,榮成,20131205,14.75,,,0.1491525423728813,-0.10847457627118641,151114.0,16.43,19.055,-2.625,27.85,26.46,24.78,20.09,0.198,20.35,44.89,0.2438,0.0221,0.6848,0.3394,84.07,86.38,77.94,66.68,3.858,23.628,24.139,42.363,75.476,11.259999999999991,-2.3100000000000023,25.0,23.625,13.65,-1.6249999999999996,21.3,17.801,10.619,92.206,0.03900000000000001,4.219999999999999,5.670000000000009,2.620000000000001,9.580000000000002,0.08058608058608056
2059,川湖,20130912,269.0,,,0.483271375464684,-0.05390334572490706,218459.0,5.24,7.98,-2.74,26.77,33.45,36.59,29.34,0.293,7.29,28.24,0.1705,-1.0591,0.5576,0.5206,60.84,42.75,62.26,64.49,4.262,2.352,17.518,35.385,45.332,-2.229999999999997,18.090000000000003,6.426,1.8650000000000002,188.5,9.947,-2.959,16.525999999999996,10.625,-33.198,-0.056999999999999995,0.8900000000000006,-1.210000000000008,-13.400000000000002,-10.729999999999997,0.4270557029177719
2062,橋椿,20130912,79.5,,,0.1509433962264151,-0.04779874213836474,254800.0,22.625,19.39,3.2349999999999994,43.08,47.36,50.34,36.64,0.361,10.31,86.85,0.4159,1.7332,0.7404,0.738,57.05,51.38,72.2,75.34,0.98,0.688,50.379,168.63,184.159,-3.1400000000000006,5.669999999999995,4.762,0.20099999999999962,46.2,-0.831,-8.024,163.591,-17.928000000000004,181.826,0.16199999999999998,-0.45000000000000284,-2.5600000000000023,-4.200000000000003,-8.530000000000001,0.7207792207792206
2106,建大,20130912,63.9,,,0.20187793427230044,-0.10328638497652584,379237.0,-2.24,-2.275,0.0349999999999997,44.91,41.25,44.46,32.58,0.325,-2.67,32.14,0.2482,2.5765,0.721,0.743,75.99,74.82,35.88,40.22,2.248,-6.079,3.01,32.422,78.122,-4.339999999999996,1.1700000000000017,-2.005,-6.566,45.5,-2.689,3.614,-4.260000000000005,-28.857999999999997,71.902,0.066,5.540000000000003,-1.3700000000000045,8.419999999999995,-0.8599999999999994,0.40439560439560435
2109,華豐,20131007,14.2,,,0.7816901408450706,-0.06690140845070418,74590.0,30.585,9.02,21.565,38.78,44.39,41.02,36.79,0.364,15.06,67.37,0.308,-0.3828,0.3197,0.4266,39.03,46.78,82.16,83.91,-5.722,-1.718,50.249,60.757,104.517,-1.75,-7.75,0.358,-1.83,11.3,-8.898,-28.013,28.601999999999997,48.18,125.001,0.030999999999999972,-4.8700000000000045,-2.030000000000001,-10.119999999999997,5.899999999999999,0.25663716814159276
2206,三陽工業,20130912,44.35,,,0.42051860202931224,-0.08342728297632475,152510.0,-10.95,-1.355,-9.594999999999999,45.97,42.4,41.9,39.63,0.395,33.99,73.86,0.3302,1.8887,0.5901,0.7849,72.78,81.97,88.08,86.85,-2.056,38.602,56.727,48.646,116.704,1.230000000000004,-9.189999999999998,42.676,38.115,22.1,-6.478,30.865999999999996,8.347999999999999,58.747,107.387,0.133,-1.9500000000000028,0.30999999999998806,9.96,6.719999999999999,1.006787330316742
2207,和泰車,20130912,337.0,,,0.14540059347181009,-0.050445103857566766,373895.0,-0.1999999999999993,-4.89,4.69,48.88,49.57,52.27,39.14,0.389,4.18,32.91,0.1609,3.1898,2.1645,1.5865,91.27,83.64,35.72,35.14,9.803,6.964,9.122,39.536,56.653,0.5799999999999983,7.6299999999999955,11.038,6.477,261.0,2.870000000000001,24.325000000000003,24.888,-20.969,-7.173000000000002,-0.059,8.959999999999997,0.7199999999999989,0.970000000000006,-6.869999999999997,0.29118773946360155
2227,裕日車,20130912,350.5,,,0.2810271041369472,-0.021398002853067047,214337.0,20.689999999999998,-4.390000000000001,25.08,45.32,38.91,42.62,33.53,0.332,24.36,39.39,0.1035,1.5945,1.4351,1.1478,86.36,81.31,89.36,79.51,7.825,22.005,28.439,34.905,34.213,9.849999999999994,5.049999999999997,26.079,21.518,277.5,-2.3329999999999993,19.566,34.872,25.990000000000002,-83.084,-0.13899999999999996,7.939999999999998,5.800000000000011,15.280000000000001,-1.2600000000000051,0.26306306306306304
2233,宇隆,20130912,133.0,,,0.21428571428571427,-0.18421052631578946,255572.0,52.295,39.44,12.855000000000004,45.06,53.78,51.79,45.47,0.452,29.61,79.33,0.2778,0.8036,1.5406,1.3733,65.3,54.79,91.26,85.53,9.311,17.713,63.066,66.612,107.998,5.730000000000004,10.509999999999998,21.787,17.226,104.5,15.321,-16.79,46.3,62.549,107.998,,4.560000000000002,3.260000000000005,-20.230000000000004,11.590000000000003,0.2727272727272727
2301,光寶科,20130912,52.6,,,0.0,-0.17680608365019018,349796.0,1.63,-7.27,8.899999999999999,24.21,25.64,26.04,24.3,0.242,6.28,21.52,0.1517,1.2838,0.8169,0.6193,86.56,85.1,76.5,64.92,1.276,8.142,7.813,16.003,43.261,11.579999999999998,1.460000000000008,12.216,7.654999999999999,41.7,0.2550000000000001,10.564,-8.735,3.1109999999999998,19.519000000000002,-0.044999999999999984,2.1099999999999994,4.289999999999999,6.080000000000002,-2.8000000000000007,0.2613908872901678
2308,台達電,20130923,144.5,,,0.29411764705882354,0.0,1780608.0,-4.9,-3.4099999999999997,-1.4900000000000007,34.31,40.94,36.07,30.12,0.301,3.75,20.15,0.1004,1.4171,0.9661,0.9331,56.36,45.72,63.8,55.24,6.213,6.734,4.212,17.051,25.218,8.559999999999995,10.64,12.062,6.4799999999999995,143.0,9.159,15.164,12.906999999999998,-7.297000000000001,-18.872000000000003,-0.040000000000000036,14.629999999999995,4.480000000000004,-12.18,11.919999999999998,0.01048951048951049
2312,金寶,20130930,11.6,,,0.25862068965517243,-0.1379310344827586,264249.0,-19.41,54.96,-74.37,34.69,33.61,36.23,29.24,0.29,15.97,49.8,0.192,0.0835,0.2449,0.9811,65.87,53.36,79.95,73.93,5.544,4.152,31.782,60.864,59.795,6.019999999999996,12.510000000000005,6.047,4.045999999999999,11.55,2.6959999999999997,-13.503999999999998,62.952999999999996,2.4639999999999986,71.723,-0.01100000000000001,8.299999999999997,4.160000000000011,1.3499999999999943,-5.619999999999997,0.004329004329004236
2314,台揚,20130912,19.7,,,0.043147208121827485,-0.12436548223350251,35162.0,-0.29000000000000004,-11.475,11.184999999999999,31.97,41.14,39.88,43.74,0.434,-0.12,3.15,0.0563,1.4643,0.6802,0.9863,18.26,29.99,52.07,60.12,-5.786,-7.052,2.921,-3.845,11.314,-8.049999999999997,-11.729999999999997,-2.978,-7.539,19.25,-5.353,-20.421,-18.6,16.01,-49.847,-0.14099999999999996,-14.350000000000001,-4.93,-18.189999999999998,4.259999999999998,0.02337662337662334
2330,台積電,20130912,104.5,,,0.10047846889952153,-0.028708133971291867,3411852.0,9.245000000000001,20.765,-11.52,18.89,27.98,30.51,23.66,0.236,2.09,6.16,0.0483,1.4067,1.5662,1.3186,89.98,89.82,46.4,37.35,1.282,3.739,-2.826,0.921,17.268,9.049999999999997,0.1600000000000108,7.813,3.252,99.9,1.621,12.608999999999998,-15.706,-4.925000000000001,-9.697,-0.01100000000000001,9.71,4.850000000000001,-14.46,-2.34,0.04604604604604599
2331,精英,20131003,13.15,,,0.8136882129277567,-0.02661596958174902,181354.0,7.4799999999999995,-8.55,16.03,26.49,24.96,24.7,34.17,0.339,7.63,23.84,0.1168,-0.0066,0.5699,0.9655,59.39,59.08,79.37,67.92,-0.161,5.022,8.778,13.205,25.586,11.450000000000003,0.3100000000000023,8.368,4.906000000000001,13.0,-0.855,4.269,3.1259999999999994,4.263000000000001,-53.528999999999996,-0.03699999999999998,4.760000000000005,5.730000000000004,2.7399999999999984,-4.739999999999998,0.011538461538461565
2355,敬鵬,20130912,52.5,,,0.10857142857142862,-0.12666666666666665,180843.0,2.42,2.3,0.1200000000000001,44.09,51.75,45.38,32.54,0.324,3.14,38.96,0.13,1.0757,0.9555,0.8727,48.24,43.89,56.4,66.21,-2.961,-16.468,32.833,56.378,41.69,-9.809999999999995,4.350000000000001,-12.394,-16.955,38.75,-3.1119999999999997,-53.364999999999995,63.149,15.741,-64.276,0.020000000000000018,-8.339999999999996,-5.88000000000001,-12.199999999999996,23.61,0.3548387096774194
2356,英業達,20130912,27.0,,,0.1981481481481482,-0.19074074074074068,798433.0,25.450000000000003,-0.575,26.025000000000002,58.77,63.14,59.45,38.85,0.386,28.33,98.96,0.3863,1.7186,0.9085,1.0861,70.02,81.05,84.12,84.06,-5.005,23.199,93.202,137.14,164.48,0.060000000000002274,-11.030000000000001,27.273,22.712,17.45,-17.663,4.091000000000001,138.67,70.755,164.902,0.026000000000000023,-6.409999999999997,-0.9500000000000028,-7.699999999999996,19.89,0.5472779369627507
2376,技嘉,20131206,37.6,,,0.3909574468085105,-0.042553191489361736,94375.0,15.195,-0.4049999999999998,15.6,31.61,25.8,22.75,17.32,0.173,17.62,37.86,0.1912,1.3064,0.6651,0.4185,76.87,83.76,91.6,91.55,1.412,14.803,27.472,38.897,53.969,0.04999999999999716,-6.890000000000001,15.838,14.802,33.5,-2.584,4.365,29.141999999999996,18.859,39.493,-0.07100000000000001,-2.719999999999999,0.01999999999999602,12.54,10.850000000000001,0.12238805970149258
2377,微星,20130912,19.55,,,0.5728900255754475,-0.04092071611253201,104882.0,1.3550000000000004,-5.955,7.3100000000000005,25.43,23.39,23.71,20.68,0.206,16.69,37.73,0.1148,0.6248,0.5701,0.7782,80.04,81.58,91.15,89.31,3.376,11.241,30.285,42.281,33.491,1.8400000000000034,-1.539999999999992,15.315,10.754,18.45,1.722,-3.5540000000000003,48.177,22.28,18.131,-0.1,0.9200000000000017,1.5100000000000051,4.079999999999998,1.8100000000000023,0.05962059620596214
2379,瑞昱,20130912,71.3,,,0.3253856942496494,-0.032258064516129,200682.0,11.305,0.97,10.334999999999999,24.48,29.62,28.81,28.26,0.282,4.54,10.62,0.0595,1.0694,1.1821,1.1596,84.15,81.17,56.92,47.72,-0.404,5.08,3.965,-0.037,16.803,9.200000000000003,2.980000000000004,9.154,4.593,71.2,-4.885,6.74,-12.165000000000001,-2.452,-17.630999999999997,-0.132,9.010000000000005,5.329999999999998,-7.460000000000001,-1.25,0.001404494382022392
2385,群光,20130912,72.2,,,0.11080332409972299,-0.0041551246537395725,147811.0,4.575,14.855,-10.280000000000001,23.88,29.48,27.21,26.39,0.264,-1.63,2.05,0.0418,1.4436,0.8773,0.8685,70.67,73.38,28.84,25.07,-2.064,-2.083,-8.061,-2.206,6.65,3.7699999999999996,-2.7099999999999937,1.992,-2.569,71.2,-3.9459999999999997,4.277,-10.869,-20.904,-43.724000000000004,-0.013000000000000012,2.25,1.4100000000000001,-7.59,8.510000000000002,0.014044943820224719
2395,研華,20130912,167.0,,,0.25449101796407186,-0.014970059880239521,172209.0,8.74,4.68,4.0600000000000005,24.3,32.9,37.56,33.58,0.336,10.54,29.35,0.1853,-0.133,1.028,0.7643,82.94,81.98,81.28,73.91,2.476,9.912,13.884,30.635,47.123,7.3700000000000045,0.9599999999999937,13.986,9.425,123.0,1.704,12.046000000000001,12.8,2.154,9.038999999999994,0.07900000000000001,2.0400000000000063,4.079999999999998,-13.569999999999997,-8.630000000000003,0.35772357723577236
2436,偉詮電,20130924,27.0,,,0.40555555555555567,-0.17592592592592593,365545.0,-6.5649999999999995,-9.555,2.99,59.51,52.28,49.1,40.63,0.403,36.92,85.63,0.2798,0.3386,1.4192,1.5481,67.53,55.63,87.75,84.96,6.333,35.217,70.132,88.179,103.397,2.7900000000000063,11.899999999999999,40.625,34.962,26.45,3.7710000000000004,21.033,83.01,58.71300000000001,138.14100000000002,0.0050000000000000044,5.420000000000002,1.539999999999992,16.229999999999997,13.740000000000002,0.020793950850661654
2439,美律,20130912,84.0,,,1.3035714285714286,-0.02857142857142864,282477.0,78.965,28.68,50.285000000000004,48.7,44.18,49.63,39.43,0.392,23.09,74.3,0.2808,1.2391,1.1605,1.1674,71.78,76.07,87.1,87.17,9.901,17.071,46.745,82.685,93.562,-0.07000000000000739,-4.289999999999992,21.145,16.584,59.5,7.709,5.322000000000001,78.634,22.032999999999998,31.031,-0.032999999999999974,0.4899999999999949,1.25,8.650000000000006,-6.170000000000002,0.4117647058823529
2449,京元電子,20130912,22.2,,,0.16216216216216223,-0.16441441441441434,63700.0,-2.84,4.285,-7.125,22.77,31.1,32.63,28.42,0.284,2.68,17.46,0.1331,-0.1923,0.4165,0.5055,32.5,38.45,71.7,65.13,-1.37,4.904,3.681,9.057,31.277,6.570000000000007,-5.950000000000003,8.978,4.417,19.55,2.033,9.703,-11.525,0.31099999999999994,-25.835,-0.08800000000000002,1.1200000000000045,3.6199999999999974,-13.080000000000002,1.5,0.13554987212276207
2451,創見,20130912,91.8,,,0.03812636165577342,-0.09368191721132892,47284.0,-10.025,2.08,-12.105,19.3,18.54,26.4,21.53,0.215,4.04,11.0,0.0757,1.1315,0.451,0.4712,65.63,65.39,53.91,44.96,-0.47,2.321,-0.751,2.81,17.286,8.949999999999996,0.23999999999999488,6.395,1.8339999999999996,90.9,-3.457,1.834,-18.509,-1.139,-12.959,-0.096,5.479999999999997,3.1600000000000037,1.5700000000000003,-11.48,0.009900990099009807
2454,聯發科,20131104,432.5,,,0.1676300578034682,-0.07283236994219654,9278605.0,28.395000000000003,33.765,-5.369999999999997,28.16,22.06,23.03,25.89,0.258,15.14,26.3,0.0694,0.5168,0.635,0.9136,84.43,77.46,89.65,85.62,11.252,14.09,16.007,18.358,20.647,4.030000000000001,6.970000000000013,13.966,14.087,424.0,11.243,13.595,12.600000000000001,17.756,12.093999999999998,-0.09799999999999998,5.760000000000005,2.219999999999999,14.92,-4.870000000000001,0.020047169811320754
2497,怡利電,20130912,44.0,,,0.7954545454545454,0.0,190014.0,27.41,21.74,5.670000000000002,50.69,48.13,46.99,41.92,0.416,22.08,47.17,0.0369,2.193,1.092,1.3704,86.58,74.98,83.43,78.23,10.563,10.36,41.744,51.84,13.356,5.200000000000003,11.599999999999994,14.434,9.873,43.3,5.085000000000001,-5.783000000000001,75.03,40.369,-44.129999999999995,-0.062,10.230000000000004,3.240000000000009,-1.0700000000000003,8.810000000000002,0.016166281755196372
2501,國建,20130912,21.25,,,0.07058823529411765,-0.16235294117647056,186140.0,346.125,176.08,170.045,49.29,51.54,50.93,35.81,0.356,-1.95,25.6,0.1655,2.8459,1.7492,1.471,30.81,41.33,45.45,60.62,-7.038,-16.202,6.562,28.82,47.602,-15.169999999999995,-10.52,-12.128,-16.689,20.2,-7.141,-36.685,17.68,-13.119,28.080999999999996,0.019999999999999962,-17.419999999999995,-8.18,-2.3800000000000026,6.490000000000002,0.05198019801980202
2520,冠德,20130912,39.2,,,0.0727040816326529,-0.2308673469387756,40826.0,-42.315,-42.739999999999995,0.42499999999999716,39.48,45.83,47.92,38.01,0.378,-6.01,35.91,0.2392,1.461,1.3256,1.2272,27.2,38.09,32.88,50.89,-4.176,-10.701,2.285,51.351,82.841,-18.009999999999998,-10.890000000000004,-6.627,-11.187999999999999,34.25,-1.5010000000000003,-14.918,30.256,-38.432,62.730999999999995,-0.045999999999999985,-13.599999999999994,-9.719999999999999,-12.380000000000003,-1.5600000000000023,0.14452554744525556
2534,宏盛,20130912,23.85,,,0.10691823899371057,-0.05241090146750524,98803.0,517.99,422.78499999999997,95.20500000000004,32.32,35.9,38.87,31.15,0.311,-7.9,13.78,0.1367,1.3838,1.1831,1.0774,23.86,33.59,24.63,41.3,-3.775,-13.323,-8.244,11.904,38.292,-16.669999999999998,-9.730000000000004,-9.249,-13.81,21.45,-2.4859999999999998,-20.759,-8.861999999999998,-21.186999999999998,5.130000000000003,0.03999999999999998,-10.820000000000004,-9.050000000000004,-6.609999999999999,-5.210000000000001,0.11188811188811199
2809,京城銀,20130912,25.5,,,0.207843137254902,-0.011764705882352969,33310.0,13.620000000000001,0.07500000000000018,13.545000000000002,17.45,19.29,23.34,21.82,0.217,1.52,9.6,0.0868,1.1089,0.8327,0.846,50.93,61.15,66.52,64.99,-2.236,-3.877,-0.904,-4.822,25.27,1.5300000000000011,-10.219999999999999,0.197,-4.364,23.8,-3.084,-12.268999999999998,-34.806000000000004,2.623,24.243,-0.141,-5.060000000000002,0.18999999999999773,-3.400000000000002,-6.260000000000002,0.0714285714285714
2890,永豐金,20131008,14.6,,,0.017123287671232876,-0.03767123287671226,491352.0,12.46,19.31,-6.849999999999998,18.42,18.12,18.86,20.91,0.209,7.72,17.59,0.0779,1.2561,0.9613,1.1994,92.82,86.17,83.85,71.9,4.656,5.96,9.341,6.689,24.346,11.949999999999989,6.6499999999999915,8.55,5.847000000000001,14.4,4.0329999999999995,10.148,-8.135,8.793,-4.916,-0.143,17.14,9.000000000000007,0.740000000000002,-3.0700000000000003,0.01388888888888884
2912,統一超,20130912,210.0,,,0.03333333333333333,-0.11428571428571428,350721.0,3.42,8.52,-5.1,23.54,32.5,29.45,22.62,0.226,2.08,22.53,0.1128,0.8213,0.5145,0.5503,69.08,56.02,53.74,62.71,0.761,-5.017,15.477,25.445,28.262,-8.969999999999999,13.059999999999995,-0.943,-5.504,195.0,4.656,-10.514,28.825,2.151,39.089,-0.05400000000000002,-2.509999999999998,-3.3899999999999935,-14.189999999999998,7.629999999999999,0.07692307692307693
2913,農林,20131015,24.5,,,0.21836734693877558,-0.07959183673469385,1223031.0,0.1899999999999995,11.599999999999998,-11.409999999999998,37.04,30.02,25.72,25.06,0.249,24.98,39.7,0.1341,-0.2802,0.2772,0.9956,87.11,85.14,79.63,70.87,10.692,26.962,31.592,31.346,45.103,8.759999999999991,1.9699999999999989,29.73,26.941,23.8,8.919,31.997999999999998,22.933999999999997,33.894999999999996,47.045,-0.09899999999999998,4.789999999999992,3.8599999999999994,22.09,13.829999999999998,0.02941176470588232
3008,大立光,20130924,1035.0,,,0.3961352657004831,-0.057971014492753624,2024621.0,67.555,83.925,-16.36999999999999,46.22,46.74,45.05,41.94,0.418,1.9,23.52,0.165,2.9782,1.724,1.4615,65.08,52.13,54.57,60.74,1.422,-8.293,2.191,30.37,50.552,-6.170000000000002,12.949999999999996,-2.885,-8.548,1005.0,3.902,-33.206,4.277000000000001,-18.356,66.68,-0.08200000000000002,-2.6799999999999997,-3.289999999999999,-0.9299999999999997,1.1000000000000014,0.029850746268656716
3023,信邦,20130912,35.1,,,0.26068376068376065,-0.04558404558404562,212413.0,11.365,13.46,-2.0950000000000006,37.75,33.59,28.06,18.8,0.186,21.74,33.73,0.1265,1.6506,0.669,0.5765,74.25,74.16,87.63,78.46,3.653,11.3,32.289,28.621,33.961,9.170000000000002,0.09000000000000341,15.374,10.813,27.45,1.797,-9.012999999999998,22.64,34.777,-17.467,-0.04000000000000001,6.969999999999999,5.72999999999999,8.280000000000001,24.760000000000005,0.278688524590164
3034,聯詠,20130912,130.0,,,0.12307692307692308,-0.16538461538461538,443203.0,4.62,26.97,-22.349999999999998,47.45,46.45,46.75,36.78,0.367,0.84,4.38,0.066,2.7403,1.71,1.4801,69.06,81.89,56.86,45.12,-4.936,9.404,-9.521,-1.77,13.927,11.740000000000002,-12.829999999999998,13.478,8.917,125.5,-8.344999999999999,18.804000000000002,-26.726,-12.751000000000001,-36.054,0.01100000000000001,5.75,5.359999999999999,9.71,5.290000000000006,0.035856573705179286
3054,立萬利,20131003,26.75,,,0.056074766355140186,-0.211214953271028,324691.0,-39.595,-14.715000000000002,-24.879999999999995,49.84,53.43,52.83,52.94,0.526,21.56,72.83,0.3651,1.755,1.3917,1.2081,76.86,70.05,60.93,46.03,16.03,35.435,12.503,73.047,136.814,14.899999999999999,6.810000000000002,38.781,35.318999999999996,19.15,16.666,49.869,38.654999999999994,-34.08,161.72899999999998,0.20800000000000002,10.339999999999996,7.450000000000003,-6.759999999999998,-9.090000000000003,0.3968668407310706
3056,總太,20131025,34.6,,,0.09682080924855495,-0.18786127167630057,103833.0,4696.08,4998.545,-302.46500000000015,24.88,24.28,25.43,27.31,0.272,3.88,28.74,0.1491,0.3269,0.5008,0.7274,76.33,74.84,67.38,61.46,2.912,1.186,8.114,29.562,45.982,5.919999999999995,1.4899999999999949,1.943,1.1680000000000001,34.25,1.093,5.382,15.223,-8.197,2.9720000000000013,-0.09699999999999998,9.549999999999997,2.960000000000001,-0.8100000000000023,-2.7099999999999973,0.010218978102189823
3057,喬鼎,20131018,32.9,,,0.7477203647416414,-0.06382978723404249,632787.0,21.81,29.39,-7.580000000000002,49.31,49.29,50.42,39.35,0.391,28.74,89.77,0.3308,2.6289,1.3656,1.0086,89.58,84.64,89.62,84.54,10.615,27.73,59.063,100.178,131.976,5.079999999999998,4.939999999999998,30.556,27.71,32.7,6.001,29.419,86.035,33.636,158.552,-0.01699999999999996,5.189999999999998,2.5400000000000063,0.1700000000000017,2.1199999999999974,0.0061162079510702055
3060,銘異,20130912,148.0,,,0.25675675675675674,-0.30405405405405406,1056758.0,7.624999999999999,-17.990000000000002,25.615000000000002,70.03,54.01,46.02,31.89,0.317,45.61,69.69,0.223,1.3687,0.4846,0.596,77.76,73.68,92.47,89.08,4.384,57.937,72.099,73.174,66.802,3.3900000000000006,4.079999999999998,62.011,57.45,96.2,5.715,46.894,74.811,72.129,28.402000000000008,-0.05199999999999999,2.769999999999996,2.0999999999999943,46.38,35.05,0.5384615384615384
3088,艾訊,20131210,51.9,,,0.4778420038535646,-0.041425818882466256,253909.0,32.715,45.685,-12.969999999999999,35.47,38.08,35.81,31.66,0.313,21.65,48.81,0.2387,0.9639,0.9367,0.9522,89.2,88.58,73.44,62.79,14.699,20.498,24.948,52.829,109.424,10.649999999999999,0.6200000000000045,23.096,20.497,43.2,12.254999999999999,13.314,18.595,4.163,82.90800000000002,0.07800000000000001,16.08,8.490000000000002,-5.020000000000003,5.18,0.20138888888888878
3089,億杰,20130924,40.5,,,0.5530864197530864,-0.12839506172839513,102975.0,-4.105,1.0149999999999997,-5.12,36.92,51.47,47.67,44.55,0.442,29.99,100.03,0.5243,0.9293,0.1523,0.3605,89.44,80.03,90.08,85.25,5.222,6.637,76.483,105.823,245.726,4.829999999999998,9.409999999999997,12.045,6.382,16.55,-6.611,-36.429,50.852,49.739000000000004,254.204,0.0040000000000000036,4.230000000000004,2.680000000000007,-26.25,2.6299999999999955,1.4471299093655587
3131,弘塑,20130912,198.5,,,0.34005037783375314,-0.08564231738035265,36217.0,4.5249999999999995,107.115,-102.58999999999999,39.23,40.99,44.0,54.74,0.544,-13.57,4.42,0.3958,1.3343,1.5536,1.2172,28.57,38.9,22.61,34.66,-8.417,-20.599,-22.42,-33.189,162.951,-12.049999999999997,-10.329999999999998,-16.525,-21.086,197.5,-12.527999999999999,-21.377,-298.603,-12.925000000000002,119.65599999999999,0.22400000000000003,-9.82,-6.8600000000000065,-6.5,-6.989999999999995,0.005063291139240506
3152,璟德,20131205,166.0,,,0.009036144578313253,-0.15963855421686746,221167.0,15.209999999999999,30.22,-15.01,33.57,37.12,39.19,28.59,0.283,18.14,63.14,0.2429,0.6175,0.8856,0.7753,78.21,79.96,82.19,76.27,4.064,14.933,22.376,68.62,100.126,5.920000000000002,-1.75,16.304,14.928999999999998,162.0,-0.3810000000000002,5.004999999999999,53.787000000000006,-12.783999999999995,88.259,-0.11900000000000005,1.9200000000000017,2.489999999999995,-10.130000000000003,-2.4000000000000057,0.024691358024691357
3176,基亞,20130918,199.0,,,0.3844221105527638,-0.09547738693467336,322946.0,-0.8000000000000007,-58.515,57.715,51.17,41.49,40.23,53.84,0.536,8.65,16.22,0.3542,2.365,1.1478,1.4305,55.94,49.4,66.54,57.66,2.322,8.346,7.582,-7.809,148.382,8.88000000000001,6.539999999999999,11.932,8.044,198.5,1.808,7.586,-141.589,26.101,148.382,,-0.39000000000000057,2.519999999999996,17.14,4.240000000000002,0.0025188916876574307
3229,晟鈦,20131025,44.4,,,0.3648648648648649,-0.1463963963963964,52278.0,-2.76,-24.43,21.67,63.85,73.68,67.35,49.99,0.494,35.04,184.5,0.7213,0.3495,0.9831,0.6906,25.51,41.54,84.13,85.46,-4.143,13.832,134.47,360.466,483.404,-1.3299999999999983,-16.029999999999998,14.589,13.814,15.7,-7.034,-81.292,342.94100000000003,38.858999999999995,492.464,0.239,-3.010000000000005,-0.6700000000000017,-15.499999999999993,16.970000000000006,1.8280254777070064
3257,虹冠電,20130912,52.6,,,0.8117870722433459,-0.00570342205323202,24636.0,14.49,17.34,-2.8499999999999996,47.9,51.71,46.21,38.68,0.384,6.78,51.77,0.2057,1.748,1.3327,1.2795,44.04,54.03,64.05,69.83,-2.393,-7.246,33.609,66.819,61.563,-5.780000000000001,-9.990000000000002,-3.172,-7.7330000000000005,36.65,-2.747,-33.568,66.35300000000001,12.901000000000003,35.514,-0.07800000000000001,-4.340000000000003,-2.8900000000000006,-6.980000000000004,13.149999999999999,0.43519781718963174
3260,威剛,20130912,76.8,,,0.2174479166666667,-0.13020833333333334,808491.0,17.6,54.285,-36.684999999999995,31.17,44.41,47.26,42.02,0.417,17.29,68.08,0.3101,0.8809,1.2596,1.1821,83.33,75.5,82.29,73.05,5.242,5.64,17.615,71.59,124.748,9.240000000000009,7.829999999999998,9.714,5.1530000000000005,60.8,0.20899999999999963,-11.120999999999999,41.985,-27.304,108.911,-0.056999999999999995,5.240000000000009,3.769999999999996,-24.089999999999996,-7.890000000000001,0.2631578947368421
3265,台星科,20131115,46.3,,,0.11879049676025918,-0.13606911447084227,206452.0,58.57,32.56,26.009999999999998,29.58,27.26,26.98,29.7,0.294,14.83,20.8,0.0962,-0.3637,0.5917,1.0372,65.22,65.59,76.37,76.12,5.248,15.887,23.847,21.542,28.801,0.25,-0.37000000000000455,13.607,15.883,41.65,-2.393,16.692,19.215000000000003,23.968,-19.679,-0.138,0.7900000000000063,0.13000000000000966,4.739999999999998,2.710000000000001,0.11164465786314523
3356,奇偶,20130912,159.5,,,0.335423197492163,-0.018808777429467086,80002.0,22.59,20.425,2.164999999999999,27.34,40.94,36.58,23.2,0.23,10.29,37.39,0.1668,0.056,0.9155,0.6762,48.21,44.3,73.45,74.23,0.261,-2.482,33.988,42.652,51.503,-0.7800000000000011,3.9100000000000037,1.592,-2.969,151.0,2.155,-27.482,36.875,27.462,19.523,-0.07799999999999999,-0.8199999999999932,-0.5099999999999909,-23.580000000000002,19.549999999999997,0.056291390728476824
3454,晶睿,20130912,153.0,,,0.40522875816993464,-0.03594771241830065,67508.0,-1.6349999999999998,35.185,-36.82,33.29,41.05,39.05,32.29,0.321,8.46,39.63,0.1902,0.6345,0.9184,0.8629,65.95,61.41,68.13,70.32,-0.689,-2.047,29.344,34.973,57.199,-2.1899999999999977,4.540000000000006,2.027,-2.534,121.0,-3.108,-23.206,20.186999999999998,23.636000000000003,-16.241,-0.138,0.04999999999999716,-0.37000000000000455,-12.920000000000002,2.219999999999999,0.2644628099173554
3498,陽程,20130912,83.2,,,0.923076923076923,-0.1850961538461539,25232.0,239.89999999999998,165.06,74.83999999999997,43.58,42.18,43.04,51.89,0.514,-1.95,57.49,0.6298,1.9453,1.5735,1.2401,48.43,56.31,38.13,41.28,-3.654,-0.791,-7.112,84.939,390.133,-3.1499999999999986,-7.880000000000003,3.283,-1.278,33.55,-6.516,6.05,-113.77000000000001,-65.057,378.15799999999996,0.08200000000000002,-0.4299999999999997,-1.7100000000000009,-1.3100000000000023,-9.670000000000002,1.4798807749627425
3551,世禾,20131101,66.7,,,0.1994002998500749,-0.11694152923538237,104143.0,27.765,18.02,9.745000000000001,36.93,33.86,32.68,28.99,0.286,22.06,51.7,0.1995,1.1279,1.0527,0.9414,78.49,74.6,82.53,76.68,9.066,23.362,35.112,49.831,86.114,5.849999999999994,3.8900000000000006,25.819,23.358,49.2,7.946000000000001,20.572,34.501000000000005,23.003,94.2,0.06899999999999998,4.640000000000001,2.9200000000000017,0.4299999999999997,9.5,0.35569105691056907
3563,牧德,20130918,77.6,,,0.0,-0.20489690721649476,17454.0,74.0,85.87,-11.870000000000005,22.24,30.99,35.48,31.46,0.312,4.02,49.88,0.2262,0.8601,0.8135,0.9587,54.34,40.13,62.8,72.18,0.909,-6.381,27.972,49.133,84.533,-9.38000000000001,14.21,-2.796,-6.683999999999999,62.9,5.651,-14.676,18.159000000000002,15.028,75.6,-0.07100000000000001,-7.170000000000002,-5.319999999999993,-20.720000000000002,-6.850000000000005,0.23370429252782188
3570,大塚,20130912,127.0,,,0.30708661417322836,-0.08661417322834646,44217.0,45.29,15.52,29.77,53.16,63.66,77.27,55.47,0.551,-16.78,61.99,0.5231,-0.7284,0.4355,0.22,16.45,15.26,19.11,33.02,-10.087,-20.469,-7.129,158.269,222.379,-13.910000000000004,1.1899999999999995,-16.395,-20.956,66.6,-1.9109999999999996,-11.529000000000002,140.39600000000002,-229.082,251.039,0.15600000000000003,-6.150000000000002,-7.199999999999996,-18.120000000000005,-18.11,0.9069069069069071
3611,鼎翰,20130912,161.0,,,0.8850931677018633,-0.015527950310559006,13201.0,14.38,6.8100000000000005,7.57,32.86,40.65,45.19,31.58,0.314,2.09,42.67,0.2007,0.3043,1.3767,0.966,32.42,28.68,61.1,71.17,-4.063,-6.248,20.271,59.671,68.46,-10.07,3.740000000000002,-2.174,-6.734999999999999,132.5,2.0890000000000004,-7.681,47.435,-3.2699999999999996,58.01599999999999,0.0050000000000000044,-13.130000000000003,-5.039999999999992,-15.54,-3.539999999999999,0.21509433962264152
3665,貿聯-KY,20130912,125.5,,,0.545816733067729,-0.13545816733067728,506192.0,21.27,23.405,-2.1350000000000016,67.48,75.14,68.63,45.0,0.447,19.71,134.19,0.5434,1.2795,1.1989,1.1418,21.61,20.1,74.1,83.4,-8.151,-10.841,134.94,217.581,272.166,-9.300000000000011,1.509999999999998,-6.767,-11.328,37.0,0.6590000000000007,-95.16,205.863,94.911,231.99,0.08900000000000002,-10.080000000000013,-5.549999999999997,-3.8900000000000006,27.299999999999997,2.391891891891892
4107,邦特,20130912,55.7,,,0.3034111310592458,-0.010771992818671479,130558.0,10.05,29.330000000000002,-19.28,50.51,44.65,41.57,34.55,0.344,17.48,49.12,0.1915,2.1063,1.191,1.2441,50.9,63.89,81.9,83.83,-4.569,16.64,41.219,51.397,70.976,-1.9299999999999926,-12.990000000000002,20.714,16.153,49.1,-15.363,15.595,39.066,33.84,38.144,-0.040000000000000036,-10.399999999999991,-1.8400000000000034,13.36,14.799999999999997,0.1344195519348269
4114,健喬,20130923,41.8,,,0.14593301435406703,-0.11842105263157886,54058.0,18.275,27.46,-9.185000000000002,32.63,35.73,34.5,36.35,0.362,9.81,19.03,0.1225,1.6353,1.2007,1.1849,46.5,33.44,75.38,74.73,2.516,2.304,15.238,-3.611,42.858,0.6499999999999915,13.060000000000002,7.633,2.051,41.6,4.268,-9.133,-43.169999999999995,33.29,32.122,0.023999999999999966,4.179999999999993,1.5600000000000023,-8.309999999999995,5.089999999999996,0.004807692307692205
4120,友華,20130912,102.5,,,0.014634146341463415,-0.22634146341463418,110170.0,-6.8,4.6899999999999995,-11.489999999999998,48.85,51.93,49.89,42.7,0.423,12.42,62.03,0.3177,1.7867,1.463,1.5646,35.02,46.59,79.37,82.28,-2.649,0.748,43.13,67.837,139.972,-2.9099999999999966,-11.57,4.822,0.2610000000000001,55.4,-3.027,-21.913999999999998,28.117000000000004,25.096000000000004,140.887,0.064,-2.25,-0.03999999999999204,-6.740000000000002,5.850000000000001,0.8501805054151625
4123,晟德,20130917,58.2,,,0.3281786941580755,0.0,103898.0,3.844999999999999,-11.945,15.79,38.73,31.95,34.77,37.69,0.374,19.43,37.57,0.1808,1.4632,1.0013,1.1351,74.37,80.94,81.05,78.18,6.602,17.736,21.618,28.162,61.538,2.8699999999999903,-6.569999999999993,21.834,17.432,51.7,3.5770000000000004,7.66,6.292999999999999,16.951999999999998,60.461,0.019000000000000017,-0.8900000000000006,1.730000000000004,7.239999999999998,-0.16999999999999815,0.12572533849129594
4401,東隆興,20130912,85.9,,,0.6530849825378345,-0.05704307334109436,23310.0,18.06,48.370000000000005,-30.310000000000006,22.98,37.16,49.04,40.34,0.399,0.44,80.24,0.4768,1.1005,1.3812,1.1023,51.66,51.91,63.37,64.16,-1.153,-8.32,0.999,158.291,229.224,-0.7899999999999991,-0.25,-4.246,-8.807,40.65,-0.477,-10.909,127.152,-134.026,242.72799999999998,-0.012999999999999956,0.4799999999999969,-0.7000000000000028,-25.069999999999997,-23.540000000000006,1.1131611316113164
4510,高鋒,20131204,20.6,,,0.48058252427184456,-0.07281553398058252,33943.0,48.455,99.05,-50.595,38.91,40.06,47.93,35.01,0.346,4.24,54.8,0.276,1.0384,1.203,0.8741,45.76,55.85,45.86,50.1,-1.222,5.885,27.769,88.431,124.491,-4.240000000000002,-10.090000000000003,6.649,5.882,16.7,1.1270000000000002,15.885,74.078,-18.291000000000004,156.697,0.08299999999999996,-0.21999999999999886,-2.6099999999999994,-4.290000000000006,-13.030000000000001,0.23353293413173667
4736,泰博,20130912,80.3,,,0.15566625155666253,-0.10336239103362388,144154.0,-5.155,17.71,-22.865000000000002,43.76,40.38,43.45,35.78,0.355,13.13,53.89,0.1764,2.478,1.4245,1.1297,46.31,53.98,85.11,86.64,-4.733,-0.365,38.517,71.831,62.227,-1.5300000000000011,-7.669999999999995,3.709,-0.8519999999999999,76.3,-9.78,-22.479,77.184,12.645000000000003,30.769,0.034999999999999976,-4.3799999999999955,-0.75,6.659999999999997,-13.57,0.05242463958060289
4743,合一,20130912,51.8,,,0.04826254826254826,-0.22779922779922776,192352.0,-100.0,-37.525000000000006,-62.474999999999994,54.74,48.22,56.93,58.45,0.582,8.81,12.67,0.3202,2.4639,1.796,1.8057,70.03,71.7,60.98,45.65,-2.075,8.088,-11.938,-22.433,130.198,15.329999999999998,-1.6700000000000017,12.162,7.601000000000001,50.3,-14.858,0.4919999999999991,-225.021,-0.6630000000000003,130.198,,7.3899999999999935,7.899999999999999,7.020000000000003,-6.880000000000003,0.029821073558648114
4934,太極,20131016,19.4,,,0.5850515463917527,0.0,486225.0,37.22,26.939999999999998,10.280000000000001,46.0,44.66,44.44,46.3,0.46,29.5,44.57,0.2416,0.0139,0.4244,1.0713,88.87,80.34,81.44,72.26,23.451,33.699,41.825,27.347,72.532,9.179999999999993,8.530000000000001,34.629,33.678,18.5,20.619,37.486999999999995,-5.359999999999999,54.477000000000004,117.50999999999999,-0.062,13.709999999999994,7.109999999999999,4.350000000000001,0.3199999999999932,0.048648648648648575
4952,凌通,20130912,32.1,,,0.3551401869158878,-0.17445482866043618,41676.0,2.9250000000000003,17.835,-14.91,56.44,52.78,49.87,40.33,0.4,-3.05,31.68,0.1103,0.8898,0.7099,0.6816,13.2,19.77,56.97,69.7,-10.804,-15.47,6.836,61.043,25.784,-12.730000000000004,-6.57,-11.396,-15.957,31.0,-4.547000000000001,-38.026,77.777,-41.056000000000004,25.784,,-13.790000000000006,-5.239999999999995,9.46,5.670000000000002,0.035483870967741984
4974,亞泰,20130912,40.4,,,0.19801980198019803,-0.047029702970296995,33087.0,-4.855,-7.0550000000000015,2.200000000000001,41.72,57.62,58.31,35.63,0.355,-7.64,18.41,0.0276,-1.2211,0.1533,0.6946,16.98,19.85,22.96,38.27,-5.939,-11.749,31.457,25.806,2.79,-15.310000000000002,-2.870000000000001,-7.675,-12.236,39.3,1.2459999999999996,-12.638,38.895,35.749,2.79,,-11.759999999999998,-8.919999999999995,-29.61,14.829999999999998,0.027989821882951692
5007,三星,20130912,69.0,,,0.28840579710144937,-0.0550724637681159,46082.0,29.595,12.58,17.015,40.45,41.9,43.72,27.64,0.273,4.77,43.31,0.2347,0.9612,0.8378,0.5422,42.32,56.14,61.6,66.5,-6.143,-5.099,27.462,53.603,73.401,-4.899999999999999,-13.82,-1.025,-5.586,53.1,-8.893,-10.892,38.469,5.491,82.812,0.10400000000000001,-9.259999999999998,-2.7900000000000063,-10.229999999999997,2.8999999999999986,0.29943502824858753
5324,士開,20130912,58.6,,,0.017064846416382253,-0.34982935153583616,50733.0,195.56,37.585,157.975,37.2,37.56,48.6,42.23,0.419,1.6,33.83,0.2025,1.7191,1.7734,1.0703,73.29,61.44,42.72,36.27,0.539,-3.9,-22.628,52.223,66.198,6.449999999999996,11.850000000000009,0.174,-4.387,51.0,-1.065,-14.821,39.217,-82.956,51.209999999999994,0.065,7.269999999999996,3.700000000000003,-1.6899999999999977,-38.489999999999995,0.14901960784313728
5347,世界,20130912,35.35,,,0.39038189533239026,-0.12022630834512023,222033.0,17.27,14.42,2.8499999999999996,33.55,49.68,48.75,43.25,0.43,8.71,35.92,0.2824,1.8243,2.2398,1.4865,74.99,77.54,65.86,51.23,-0.689,15.177,1.294,24.687,116.194,14.630000000000003,-2.5500000000000114,19.251,14.690000000000001,21.55,-9.873,27.052,-47.07900000000001,-25.488,67.463,0.07400000000000001,10.019999999999996,7.309999999999995,-24.880000000000003,3.770000000000003,0.6403712296983759
5474,聰泰,20130912,44.6,,,0.25112107623318375,-0.19955156950672642,15466.0,40.92,61.565,-20.644999999999996,44.51,58.39,66.05,62.21,0.618,-13.38,53.36,0.5275,-0.8268,0.8846,1.1193,34.97,24.14,17.11,26.22,-2.049,-8.154,-13.931,154.517,211.237,-9.11,10.829999999999998,-4.08,-8.641,18.7,2.2479999999999998,5.659000000000001,136.826,-228.23000000000002,184.105,0.14800000000000002,-5.400000000000002,-5.18,-21.160000000000004,-14.379999999999995,1.3850267379679146
5490,同亨,20131004,41.2,,,0.49757281553398053,-0.09223300970873796,197400.0,37.38,39.905,-2.5249999999999986,40.89,47.65,49.17,32.17,0.319,5.27,43.78,0.1758,1.0164,1.0842,0.5239,59.83,54.76,47.02,57.2,0.144,-2.601,30.015,61.182,56.646,-10.18,5.07,0.877,-2.715,40.8,-4.92,-1.301,66.83,8.114,79.055,0.02200000000000002,-6.109999999999999,-5.089999999999996,-15.219999999999999,5.359999999999999,0.009803921568627591
5508,永信建,20130912,68.9,,,0.09579100145137871,-0.011611030478955172,14833.0,195.57,208.065,-12.495000000000005,20.54,19.77,18.79,24.87,0.246,-3.98,18.63,0.1286,0.6981,0.3954,0.7112,15.06,25.88,30.56,42.7,-3.836,-12.957,-3.814,24.316,46.163,-12.140000000000004,-10.819999999999999,-8.883,-13.443999999999999,57.4,-0.375,-26.563000000000002,6.625,-31.322,-30.203000000000003,-0.07400000000000001,-11.940000000000001,-6.359999999999999,3.969999999999999,2.91,0.20034843205574926
5534,長虹,20130912,100.5,,,0.07462686567164178,-0.18507462686567158,95009.0,-75.775,9.045,-84.82000000000001,26.04,32.49,28.9,27.22,0.271,-6.65,11.52,0.1154,0.9749,0.5069,0.7161,15.96,19.95,19.71,35.86,-1.989,-14.347,-3.324,12.901,29.487,-16.15,-3.9899999999999984,-10.273,-14.834,96.0,3.1479999999999997,-25.009999999999998,-5.933,-12.875,1.1819999999999986,-0.07100000000000001,-7.029999999999998,-7.57,-10.340000000000003,4.32,0.046875
5871,中租-KY,20130912,74.0,,,0.14189189189189189,-0.05810810810810807,2056480.0,40.730000000000004,32.275000000000006,8.454999999999998,36.62,36.69,49.64,37.96,0.379,14.17,15.52,0.1667,1.8364,2.1878,1.3091,88.58,81.68,65.13,48.92,9.75,14.713,-4.976,-5.036,55.464,16.209999999999994,6.8999999999999915,18.787,14.225999999999999,69.3,4.565,15.777999999999999,-67.607,-11.035,55.464,,18.389999999999993,9.550000000000004,1.6699999999999946,-16.29,0.06782106782106787
5904,寶雅,20130912,154.0,,,0.35064935064935066,-0.05194805194805195,18483.0,11.09,17.42,-6.330000000000002,42.42,46.45,46.7,33.47,0.331,9.11,54.65,0.3516,0.8775,1.2258,0.691,64.14,60.05,64.52,69.3,5.717,-5.067,34.778,54.499,138.06,-4.780000000000001,4.090000000000003,-0.993,-5.554,77.8,5.962,-21.282,6.190000000000005,19.45,76.217,0.018000000000000016,0.6699999999999946,-1.4399999999999977,-8.309999999999995,4.290000000000006,0.9794344473007712
6116,彩晶,20130912,11.95,,,0.050209205020920626,-0.23430962343096226,304767.0,-17.23,-0.5349999999999999,-16.695,41.64,50.12,56.68,61.02,0.608,-4.88,70.79,0.4612,1.0804,1.3351,1.2139,34.66,47.13,36.77,38.79,-7.382,-3.223,-16.399,146.589,241.941,-2.019999999999996,-12.470000000000006,0.851,-3.71,5.96,-11.379,-2.609,122.41,-180.706,269.192,-0.017000000000000015,-7.039999999999999,-2.0900000000000034,-18.549999999999997,-25.979999999999997,1.0050335570469797
6143,振曜,20130912,80.5,,,0.012422360248447204,-0.21739130434782608,90715.0,55.145,106.95500000000001,-51.81000000000001,29.36,30.49,32.87,38.47,0.382,4.58,40.41,0.2986,1.0274,1.3328,1.2254,62.95,61.36,71.29,64.67,1.355,0.507,0.567,50.35,100.426,6.6200000000000045,1.5900000000000034,4.581,0.020000000000000462,74.9,-0.5700000000000001,-1.267,11.494,-31.912,65.676,-0.08600000000000002,9.050000000000004,4.700000000000003,-2.780000000000001,-6.370000000000001,0.07476635514018684
6147,頎邦,20130912,66.7,,,0.0014992503748125084,-0.3440779610194903,103825.0,5.41,16.345,-10.934999999999999,33.97,51.62,50.66,37.55,0.376,-0.6,9.41,0.1271,0.7128,1.8297,1.118,23.15,40.1,56.08,47.24,-7.204,5.017,-13.718,0.045,37.458,8.839999999999996,-16.950000000000003,9.091,4.529999999999999,60.0,-10.033999999999999,14.916,-36.516,-32.673,-57.684,-0.061,-0.7700000000000031,2.8400000000000034,-28.54,8.909999999999997,0.11166666666666672
6202,盛群,20131210,48.75,,,0.4687179487179486,-0.06153846153846154,192695.0,11.055,1.435,9.62,23.08,29.88,29.0,22.21,0.22,9.11,32.59,0.1875,0.3913,0.4716,0.5218,58.54,62.27,76.67,76.14,0.486,-1.836,26.471,31.099,53.237,0.5300000000000011,-3.730000000000004,0.762,-1.8370000000000002,45.95,2.673,-22.622,16.436,19.048000000000002,39.017,-0.016999999999999987,1.1000000000000085,0.7999999999999972,-11.770000000000003,6.43,0.060935799782372076
6206,飛捷,20130912,100.5,,,0.32338308457711445,-0.04577114427860691,68142.0,9.715,16.505,-6.789999999999999,33.5,49.53,48.43,30.36,0.303,3.67,37.05,0.1848,2.1494,2.004,1.1281,78.78,77.02,42.5,47.85,1.809,0.024,16.025,39.187,63.771,-5.350000000000001,1.7600000000000051,4.098,-0.4630000000000001,93.5,-1.5560000000000003,8.100999999999999,24.284,-1.9060000000000024,44.797,0.04899999999999999,1.1599999999999966,-3.0,-28.369999999999997,8.829999999999998,0.0748663101604278
6214,精誠,20130912,49.4,,,0.5060728744939272,-0.011133603238866339,169764.0,4.955,15.515,-10.56,61.87,52.48,44.39,28.86,0.284,21.88,42.57,0.2017,1.315,0.6367,0.5055,57.21,61.76,86.09,80.12,3.532,19.072,40.812,38.877,57.665,5.969999999999999,-4.549999999999997,23.146,18.585,47.45,4.721,3.5,23.202,42.303,65.064,0.03699999999999998,6.180000000000007,4.820000000000007,20.409999999999997,34.14,0.04109589041095881
6230,尼得科超眾,20130912,62.5,,,0.84,-0.12479999999999995,16784.0,14.215,11.635000000000002,2.5799999999999983,27.91,31.67,35.99,38.86,0.385,-6.36,14.16,0.2011,0.6178,0.7874,0.959,61.91,60.62,17.43,19.75,-1.331,-7.808,-13.654,13.358,56.272,-2.3200000000000003,1.2899999999999991,-3.734,-8.295,46.4,-1.644,-3.1289999999999996,-19.996,-45.103,-10.497000000000007,0.03400000000000003,0.120000000000001,-1.5300000000000011,-2.5599999999999987,-9.129999999999995,0.3469827586206897
6245,立端,20130912,48.65,,,0.3052415210688592,-0.07708119218910586,13340.0,20.05,30.625,-10.575,42.29,40.5,37.81,31.27,0.311,12.9,43.93,0.1542,1.5863,1.1744,1.1449,49.58,48.65,79.57,83.32,0.471,2.42,38.887,54.135,56.824,-3.75,0.9299999999999997,6.494,1.9329999999999998,41.0,2.689,-15.433000000000002,56.884,27.137999999999998,19.232,-0.10799999999999998,-0.28000000000000114,-0.4000000000000057,3.8900000000000006,8.299999999999997,0.1865853658536585
6257,矽格,20131104,30.6,,,0.04084967320261438,-0.09150326797385623,534089.0,3.8,12.56,-8.760000000000002,27.27,22.86,23.22,27.2,0.27,8.03,18.2,0.1061,-0.1659,0.6014,0.806,61.09,47.13,74.33,72.3,7.445,5.279,15.927,3.26,21.022,2.030000000000001,13.96,5.155,5.276,30.3,7.829000000000001,7.3629999999999995,-17.843000000000004,23.085,-5.722000000000001,-0.03699999999999998,12.009999999999998,0.730000000000004,9.79,-1.4400000000000013,0.009900990099009924
6271,同欣電,20131106,164.5,,,0.14285714285714285,-0.1398176291793313,113840.0,9.045,14.15,-5.105,20.47,22.81,24.56,30.43,0.302,4.21,24.5,0.1726,-0.2575,-0.1257,0.6623,69.52,61.61,65.24,57.79,7.774,7.3,6.192,32.272,49.798,7.449999999999996,7.909999999999997,6.312,7.2940000000000005,164.0,9.928,11.765,30.069,-22.951999999999998,22.464000000000002,-0.14700000000000002,19.64999999999999,7.969999999999999,-3.3900000000000006,-7.670000000000002,0.003048780487804878
6274,台燿,20130912,23.2,,,0.2672413793103448,-0.12931034482758622,35949.0,-2.775,-1.9049999999999998,-0.8700000000000001,38.05,35.43,37.78,29.16,0.291,7.67,33.32,0.1245,1.4516,1.3767,1.064,13.07,28.53,74.79,77.44,-4.268,3.945,20.668,33.854,43.379,-2.6499999999999915,-15.46,8.019,3.458,17.5,-1.5149999999999997,-6.577999999999999,28.391,8.282,4.457000000000001,-0.031000000000000028,-8.269999999999996,-1.990000000000009,5.32,-6.880000000000003,0.3257142857142857
6277,宏正,20131202,85.2,,,0.23239436619718307,0.0,59476.0,13.120000000000001,14.09,-0.9699999999999989,22.67,24.56,28.23,23.62,0.234,14.65,56.75,0.2601,0.8529,0.6765,0.7103,73.49,58.66,89.61,86.12,4.405,12.7,31.268,74.07,91.497,3.489999999999995,14.829999999999998,13.015,12.697000000000001,83.9,6.332000000000001,10.427999999999999,67.707,-1.5450000000000017,105.629,0.013000000000000012,9.010000000000005,3.1200000000000045,-3.9099999999999966,-10.599999999999998,0.01549463647199043
6279,胡連,20130912,93.5,,,0.08021390374331551,-0.0994652406417112,473771.0,9.41,11.350000000000001,-1.9400000000000013,41.82,49.2,46.99,31.96,0.316,16.19,57.33,0.2377,1.1191,1.7927,0.9286,65.95,51.48,75.58,74.67,8.466,4.066,35.105,70.115,86.475,0.9099999999999966,14.470000000000006,8.14,3.5790000000000006,85.0,11.288,-12.198,56.76299999999999,13.273999999999997,67.354,-0.02300000000000002,6.739999999999995,0.7399999999999949,-14.659999999999997,9.730000000000004,0.1
6282,康舒,20130912,32.35,,,0.16692426584234926,-0.1854714064914992,241207.0,-0.93,2.815,-3.745,59.21,46.27,41.0,31.72,0.316,16.82,37.23,0.1891,2.1256,0.703,0.8824,37.29,50.56,79.69,78.55,-7.188,5.852,30.215,33.278,47.792,1.1400000000000006,-13.270000000000003,9.926,5.365,25.7,-6.585,-18.889,19.707,28.358,-5.850999999999999,-0.059,-7.1200000000000045,-0.3299999999999983,30.07,21.820000000000004,0.25875486381322965
6283,淳安,20130912,17.45,,,0.01719197707736394,-0.4097421203438395,31974.0,-1.235,55.335,-56.57,36.99,40.67,48.31,47.77,0.475,-1.06,17.29,0.2403,0.5816,0.345,0.4064,24.92,33.41,48.91,36.92,-5.221,1.901,-23.336,-1.072,46.649,11.989999999999995,-8.489999999999995,5.975,1.4139999999999997,13.35,-3.774,-2.2720000000000002,-53.478,-51.462999999999994,22.263,0.044999999999999984,1.0899999999999963,4.950000000000003,-7.850000000000001,-25.039999999999992,0.30711610486891383
6605,帝寶,20130912,104.0,,,0.2692307692307692,-0.0711538461538462,211536.0,13.635,11.6,2.035,40.52,39.01,35.38,23.62,0.235,12.01,36.8,0.1719,1.6524,0.8832,0.6917,64.3,61.89,74.79,76.98,1.332,0.947,24.986,30.07,50.569,-2.1899999999999977,2.4099999999999966,5.021,0.45999999999999996,78.5,1.917,-15.411000000000001,11.264,23.67,27.955000000000002,-0.04400000000000004,-0.7799999999999869,-1.0999999999999943,4.690000000000005,13.069999999999997,0.3248407643312102
8044,網家,20131209,240.5,,,0.13097713097713098,-0.1496881496881497,654041.0,12.93,8.6,4.33,43.73,39.65,38.77,41.49,0.411,25.94,48.54,0.1915,-0.1656,0.8991,0.9044,68.11,72.86,82.43,74.12,3.084,34.054,34.838,55.424,70.623,8.310000000000002,-4.75,36.667,34.053000000000004,240.0,4.462,32.912,49.144999999999996,21.847,102.13000000000001,0.04099999999999998,1.75,4.77000000000001,11.36,1.019999999999996,0.0020833333333333333
8076,伍豐,20130912,79.8,,,1.18671679197995,0.0,428904.0,14.32,-5.585,19.905,58.58,48.29,41.74,32.45,0.322,24.86,66.64,0.2893,0.1681,0.275,0.5686,51.61,68.26,82.22,80.73,-4.66,19.455,37.437,99.14,98.665,1.4899999999999949,-16.650000000000006,23.529,18.968,63.8,-4.971,-5.150000000000002,99.354,-1.980000000000004,73.21600000000001,-0.14300000000000002,-5.290000000000006,1.1300000000000097,22.08,21.169999999999998,0.25078369905956116
8080,永利聯合,20130912,24.4,,,0.7479508196721312,-0.1762295081967212,73321.0,-45.144999999999996,-35.22,-9.924999999999997,55.11,61.2,54.37,59.97,0.597,1.19,16.52,0.4148,1.5662,0.5744,0.89,21.76,23.23,71.03,74.24,-5.562,-8.388,3.151,4.368,162.46,-3.2099999999999937,-1.4699999999999989,-4.314,-8.875,20.9,0.45500000000000007,-22.634999999999998,-113.07300000000001,-8.977,180.852,0.245,-8.599999999999994,-2.700000000000003,-16.189999999999998,30.480000000000004,0.1674641148325359
8088,品安,20130912,38.45,,,0.05331599479843945,-0.25357607282184663,35629.0,4.965,62.4,-57.435,58.5,57.35,57.99,49.07,0.488,-4.87,36.11,0.2958,2.2002,2.2091,1.5747,78.36,70.91,33.26,25.75,6.656,-4.074,-26.563,69.382,122.414,7.509999999999998,7.450000000000003,0.0,-4.561,23.2,-0.6210000000000004,3.0540000000000003,30.602000000000004,-147.094,71.25999999999999,0.04199999999999998,14.7,5.780000000000001,1.1799999999999997,-1.8399999999999963,0.6573275862068967
8403,盛弘,20130912,40.6,,,0.16995073891625612,-0.03078817733990148,11071.0,-6.63,7.105,-13.735,22.78,29.94,30.82,44.15,0.44,3.06,16.67,0.0835,1.0955,1.0214,1.5294,58.16,62.98,43.04,37.19,0.447,1.567,-6.503,1.593,29.295,5.850000000000001,-4.82,5.641,1.08,38.7,-0.704,-0.349,-32.19499999999999,-11.312999999999999,42.452,0.02100000000000002,11.59,5.549999999999997,-14.670000000000002,-4.16,0.04909560723514208
8411,福貞-KY,20130912,76.8,,,0.16796875000000008,-0.08203124999999997,54851.0,33.42,103.34,-69.92,40.86,37.47,51.85,37.39,0.37,-12.37,31.12,0.2717,1.1532,0.6549,0.5925,35.05,38.04,32.27,49.23,-8.901,-22.178,-12.234,60.923,74.623,-16.959999999999994,-2.990000000000002,-18.104,-22.665,75.6,-11.608,-20.826,47.014,-86.324,74.623,,-9.299999999999997,-8.310000000000002,6.68,-20.620000000000005,0.01587301587301591
8916,光隆,20130914,42.0,,,0.2833333333333333,-0.06547619047619048,95586.0,15.985,27.74,-11.754999999999999,49.54,51.8,48.56,31.2,0.308,33.56,79.16,0.265,1.7954,1.1923,0.6353,79.05,79.3,89.8,85.55,5.57,11.835,99.662,100.328,99.96,4.25,-0.25,14.239,11.461,28.25,0.13200000000000056,-34.573,100.834,99.24600000000001,92.631,0.045999999999999985,-1.0400000000000063,2.1199999999999903,-7.950000000000003,20.4,0.48672566371681414
8996,高力,20130912,75.5,,,0.137748344370861,-0.31788079470198677,48910.0,20.175,33.33,-13.154999999999998,39.81,49.72,46.25,37.41,0.371,9.65,47.47,0.2995,1.162,1.4848,1.0114,32.01,40.71,69.87,73.16,-8.064,0.735,35.156,31.983,101.184,-3.289999999999992,-8.700000000000003,4.809,0.24800000000000022,52.5,-14.178,-24.538,-21.693,38.952,93.625,-0.057999999999999996,-6.709999999999994,-2.430000000000007,-22.229999999999997,19.11,0.4380952380952381
